[
  {
    "question": "How do I fix a slow computer?",
    "answer": "To fix a slow computer, you can try several steps. First, check for malware and viruses using an antivirus program. Second, remove unnecessary startup programs to improve boot time. Third, consider increasing system memory (RAM) if possible. Fourth, clean up disk space by deleting temporary files and old programs. Fifth, defragment the hard drive for better performance. Lastly, consider upgrading to a solid-state drive (SSD) for faster data access."
  },
  {
    "question": "How can I troubleshoot internet connection issues?",
    "answer": "To troubleshoot internet connection issues, follow these steps. First, check physical connections to ensure all cables are securely connected. Second, restart networking devices such as your modem and router. Third, verify network settings to make sure your device has the correct IP configuration. Fourth, update network drivers to ensure they are up-to-date. Fifth, reset TCP/IP stack using the command prompt if necessary. Finally, consider contacting your Internet Service Provider (ISP) if the issue persists."
  },
  {
    "question": "What should I do if my computer won't turn on?",
    "answer": "If your computer won't turn on, try the following steps. First, check the power supply to ensure the power cable is plugged in and the outlet is working. Second, perform a hard reset by removing the power cable, holding down the power button for 30 seconds, and then plugging it back in. Third, test the power button for faults and try alternative methods to turn on the computer if needed. Fourth, check internal components such as RAM, graphics card, and CPU to ensure they are properly seated. Fifth, test with minimal configuration by removing non-essential components and peripherals. Finally, seek professional help if the problem persists."
  },
  {
    "question": "How do I troubleshoot blue screen errors (BSOD)?",
    "answer": "To troubleshoot blue screen errors (BSOD), follow these steps. First, note down the error message displayed on the screen as it can help identify the cause of the BSOD. Second, check for hardware issues by testing RAM, hard drive, and other components for faults. Third, update drivers for all devices to ensure they are up-to-date. Fourth, scan for malware infections using antivirus software. Fifth, check for Windows updates and install any pending updates. Sixth, consider restoring system settings using System Restore to revert to a previous stable state. Lastly, seek online help or assistance from a professional technician if needed."
  },
  {
    "question": "How do I improve my Wi-Fi signal?",
    "answer": "To improve your Wi-Fi signal, you can try several steps. First, move your router to a central location in your home and away from obstructions. Second, reduce interference by keeping electronic devices away from your router. Third, upgrade your router's firmware to the latest version. Fourth, consider using Wi-Fi extenders or mesh network systems to extend coverage. Lastly, adjust your router's settings such as channel selection and transmit power for optimal performance."
  },
  {
    "question": "What are the best practices for data backup?",
    "answer": "The best practices for data backup include regular backups, both onsite and offsite. First, create a backup schedule and stick to it. Second, use reliable backup software to automate the process. Third, store backups in multiple locations to mitigate risks such as hardware failure, theft, or natural disasters. Fourth, periodically test your backups to ensure they are working correctly. Fifth, consider using encryption to protect sensitive data during storage and transmission."
  },
  {
    "question": "How do I protect my computer from malware?",
    "answer": "To protect your computer from malware, follow these steps. First, install reputable antivirus software and keep it up-to-date. Second, regularly scan your system for malware and remove any threats detected. Third, be cautious when downloading files or clicking on links from unknown or suspicious sources. Fourth, keep your operating system and software applications updated with the latest security patches. Fifth, use a firewall to monitor and control incoming and outgoing network traffic. Lastly, educate yourself and your users about safe computing practices to minimize the risk of malware infections."
  },
  {
    "question": "What are the benefits of using a VPN?",
    "answer": "Using a VPN (Virtual Private Network) offers several benefits. First, it encrypts your internet traffic, providing a secure connection, especially when using public Wi-Fi networks. Second, it hides your IP address and location, enhancing privacy and anonymity online. Third, it allows you to bypass geo-restrictions and access region-locked content. Fourth, it can protect against online tracking and surveillance by internet service providers and government agencies. Fifth, it can help prevent censorship and promote freedom of speech and expression."
  },
  {
    "question": "How do I reset my password?",
    "answer": "To reset your password, follow these steps. First, navigate to the login page of the service or application where you need to reset your password. Second, look for the 'Forgot Password' or 'Reset Password' link and click on it. Third, follow the instructions to verify your identity, which may involve answering security questions or receiving a verification code via email or SMS. Fourth, create a new password following the specified requirements, such as minimum length and special characters. Lastly, log in with your new password and update any saved credentials."
  },
  {
    "question": "What are the symptoms of a failing hard drive?",
    "answer": "The symptoms of a failing hard drive may include unusual noises such as clicking or grinding, slow performance, frequent freezes or crashes, corrupted or missing files, bad sectors reported during disk checks, and system errors related to disk I/O operations. If you experience any of these symptoms, it's essential to back up your data immediately and consider replacing the hard drive to prevent data loss."
  },
  {
    "question": "How do I speed up my computer startup?",
    "answer": "To speed up your computer startup, try these tips. First, reduce the number of startup programs by disabling unnecessary ones from automatically launching at startup. Second, enable fast startup (if available) in your computer's power settings to reduce boot time. Third, update device drivers and firmware to ensure compatibility and optimal performance. Fourth, clean up your hard drive by removing temporary files, unused programs, and large files. Fifth, consider upgrading to a solid-state drive (SSD) for faster boot times and overall system responsiveness."
  },
  {
    "question": "What should I do if my computer overheats?",
    "answer": "If your computer overheats, take immediate action to prevent damage to components and potential data loss. First, shut down the computer and let it cool down for a while. Second, check for blocked air vents or fans and clear any obstructions to improve airflow. Third, ensure that the computer is placed on a flat, hard surface to allow proper ventilation. Fourth, consider cleaning dust and debris from the internal components using compressed air. Fifth, monitor temperatures using software utilities and adjust fan speeds or install additional cooling solutions if necessary."
  }
]
